session_id,mechanism,noise_multiplier,l2_before,l2_after,distortion_ratio,silhouette_score,accuracy,precision,recall,f1,mae,dp_update_uri,dp_receipt,dp_receipt_uri,mode
sess-1760540327,gaussian,0.0,0.4232141375541687,0.4232141375541687,0.9999999999976372,0.6503938436508179,,,,,,file://secure_store/local_updates/dp_gaussian_1760540470622.pt.enc,"{'agent': 'dp-agent', 'session_id': 'sess-1760540327', 'operation': 'dp_process_update', 'params': {'clip_norm': 1.0, 'clip_applied': False, 'noise_multiplier': 0.0, 'mechanism': 'gaussian', 'l2_norm_before': 0.4232141375541687, 'l2_norm_after': 0.4232141375541687}, 'outputs': ['file://secure_store/local_updates/dp_gaussian_1760540470622.pt.enc'], 'timestamp': '2025-10-15T15:01:10.622996Z', 'signature': 'okfSKtEqMBT+oUMqVFxid6l7OdoUvSozj9xu2x5aDGc='}",file:///home/ritik26/Desktop/BE-Major-Project/receipts/receipt_33aedf1f89f540b2b2174623389d535c.json,base
sess-1760540327,gaussian,0.5,0.4232141375541687,5.3196611404418945,12.569667854605738,0.6423014998435974,,,,,,file://secure_store/local_updates/dp_gaussian_1760540470704.pt.enc,"{'agent': 'dp-agent', 'session_id': 'sess-1760540327', 'operation': 'dp_process_update', 'params': {'clip_norm': 1.0, 'clip_applied': False, 'noise_multiplier': 0.5, 'mechanism': 'gaussian', 'l2_norm_before': 0.4232141375541687, 'l2_norm_after': 5.3196611404418945}, 'outputs': ['file://secure_store/local_updates/dp_gaussian_1760540470704.pt.enc'], 'timestamp': '2025-10-15T15:01:10.704424Z', 'signature': 'qAVN3kuoJjFX7ApEYh30WN026bKGwdyiAzDpx49PYUc='}",file:///home/ritik26/Desktop/BE-Major-Project/receipts/receipt_06c983b65f8440f5836b8ee219a8c745.json,base
sess-1760540327,gaussian,1.0,0.4232141375541687,10.629264831542969,25.115571263630994,0.6348763704299927,,,,,,file://secure_store/local_updates/dp_gaussian_1760540470746.pt.enc,"{'agent': 'dp-agent', 'session_id': 'sess-1760540327', 'operation': 'dp_process_update', 'params': {'clip_norm': 1.0, 'clip_applied': False, 'noise_multiplier': 1.0, 'mechanism': 'gaussian', 'l2_norm_before': 0.4232141375541687, 'l2_norm_after': 10.629264831542969}, 'outputs': ['file://secure_store/local_updates/dp_gaussian_1760540470746.pt.enc'], 'timestamp': '2025-10-15T15:01:10.746995Z', 'signature': 'CB6oYSgnt5SSb0n19pOIJIrGt3PPi95lmLpTdjGzPn4='}",file:///home/ritik26/Desktop/BE-Major-Project/receipts/receipt_22d0d797394b46ba8372ea9ebf6462b3.json,base
sess-1760540327,gaussian,1.5,0.4232141375541687,15.944482803344727,37.674740488238676,0.6278207898139954,,,,,,file://secure_store/local_updates/dp_gaussian_1760540470788.pt.enc,"{'agent': 'dp-agent', 'session_id': 'sess-1760540327', 'operation': 'dp_process_update', 'params': {'clip_norm': 1.0, 'clip_applied': False, 'noise_multiplier': 1.5, 'mechanism': 'gaussian', 'l2_norm_before': 0.4232141375541687, 'l2_norm_after': 15.944482803344727}, 'outputs': ['file://secure_store/local_updates/dp_gaussian_1760540470788.pt.enc'], 'timestamp': '2025-10-15T15:01:10.789131Z', 'signature': 'AWqGJvhJaDxe0f4wLyoYlws7ZdUnRjTsIItWHaqwJjE='}",file:///home/ritik26/Desktop/BE-Major-Project/receipts/receipt_f29f2d00201c436196fcaa352c7a913e.json,base
sess-1760540327,gaussian,2.0,0.4232141375541687,21.261104583740234,50.237226730094086,0.6210289001464844,,,,,,file://secure_store/local_updates/dp_gaussian_1760540470830.pt.enc,"{'agent': 'dp-agent', 'session_id': 'sess-1760540327', 'operation': 'dp_process_update', 'params': {'clip_norm': 1.0, 'clip_applied': False, 'noise_multiplier': 2.0, 'mechanism': 'gaussian', 'l2_norm_before': 0.4232141375541687, 'l2_norm_after': 21.261104583740234}, 'outputs': ['file://secure_store/local_updates/dp_gaussian_1760540470830.pt.enc'], 'timestamp': '2025-10-15T15:01:10.831172Z', 'signature': 'MUkuyOg+Ad3RJxC25ifWS1U/JaL81uOHqRVKJMs/Ffs='}",file:///home/ritik26/Desktop/BE-Major-Project/receipts/receipt_fb8338fc688e40d0b30652d95f04d3b1.json,base
sess-1760540327,laplace,0.0,0.4232141375541687,0.4232141375541687,0.9999999999976372,0.6503938436508179,,,,,,file://secure_store/local_updates/dp_laplace_1760540470873.pt.enc,"{'agent': 'dp-agent', 'session_id': 'sess-1760540327', 'operation': 'dp_process_update', 'params': {'clip_norm': 1.0, 'clip_applied': False, 'noise_multiplier': 0.0, 'mechanism': 'laplace', 'l2_norm_before': 0.4232141375541687, 'l2_norm_after': 0.4232141375541687}, 'outputs': ['file://secure_store/local_updates/dp_laplace_1760540470873.pt.enc'], 'timestamp': '2025-10-15T15:01:10.873602Z', 'signature': 'F+b7wUwIZDvjXPXfwlvhRLxnkF0wcdLHhez/7A3+LH8='}",file:///home/ritik26/Desktop/BE-Major-Project/receipts/receipt_fc59eceb600445e39e4ceee6e6b3f838.json,base
sess-1760540327,laplace,0.5,0.4232141375541687,8.458719253540039,19.986854178370614,0.6378521919250488,,,,,,file://secure_store/local_updates/dp_laplace_1760540470915.pt.enc,"{'agent': 'dp-agent', 'session_id': 'sess-1760540327', 'operation': 'dp_process_update', 'params': {'clip_norm': 1.0, 'clip_applied': False, 'noise_multiplier': 0.5, 'mechanism': 'laplace', 'l2_norm_before': 0.4232141375541687, 'l2_norm_after': 8.458719253540039}, 'outputs': ['file://secure_store/local_updates/dp_laplace_1760540470915.pt.enc'], 'timestamp': '2025-10-15T15:01:10.915696Z', 'signature': 'NGXjteuX7G1NFbtym0IOEGRUoYfqEf7kkxJTDlcUqDM='}",file:///home/ritik26/Desktop/BE-Major-Project/receipts/receipt_21fbc0e8d6ed48c3a930a12fd981a348.json,base
sess-1760540327,laplace,1.0,0.4232141375541687,16.94376564025879,40.03591595058674,0.6265251040458679,,,,,,file://secure_store/local_updates/dp_laplace_1760540470959.pt.enc,"{'agent': 'dp-agent', 'session_id': 'sess-1760540327', 'operation': 'dp_process_update', 'params': {'clip_norm': 1.0, 'clip_applied': False, 'noise_multiplier': 1.0, 'mechanism': 'laplace', 'l2_norm_before': 0.4232141375541687, 'l2_norm_after': 16.94376564025879}, 'outputs': ['file://secure_store/local_updates/dp_laplace_1760540470959.pt.enc'], 'timestamp': '2025-10-15T15:01:10.960217Z', 'signature': 'Ij/lWenSPM7xJC1jcTRQZcK4VNvM15nDuYD4MYEsryU='}",file:///home/ritik26/Desktop/BE-Major-Project/receipts/receipt_45acbbbce57f4f9bb9fb88019317228d.json,base
sess-1760540327,laplace,1.5,0.4232141375541687,25.43231964111328,60.09326575910526,0.6158673167228699,,,,,,file://secure_store/local_updates/dp_laplace_1760540471002.pt.enc,"{'agent': 'dp-agent', 'session_id': 'sess-1760540327', 'operation': 'dp_process_update', 'params': {'clip_norm': 1.0, 'clip_applied': False, 'noise_multiplier': 1.5, 'mechanism': 'laplace', 'l2_norm_before': 0.4232141375541687, 'l2_norm_after': 25.43231964111328}, 'outputs': ['file://secure_store/local_updates/dp_laplace_1760540471002.pt.enc'], 'timestamp': '2025-10-15T15:01:11.002329Z', 'signature': 'FkwshWdQuytWJ89SBpjya4DB6OBW2/VGcitXbtmQbYA='}",file:///home/ritik26/Desktop/BE-Major-Project/receipts/receipt_4fb1c1b06b9c41f7ac81618b6db4732f.json,base
sess-1760540327,laplace,2.0,0.4232141375541687,33.921749114990234,80.15268419658669,0.6057887673377991,,,,,,file://secure_store/local_updates/dp_laplace_1760540471043.pt.enc,"{'agent': 'dp-agent', 'session_id': 'sess-1760540327', 'operation': 'dp_process_update', 'params': {'clip_norm': 1.0, 'clip_applied': False, 'noise_multiplier': 2.0, 'mechanism': 'laplace', 'l2_norm_before': 0.4232141375541687, 'l2_norm_after': 33.921749114990234}, 'outputs': ['file://secure_store/local_updates/dp_laplace_1760540471043.pt.enc'], 'timestamp': '2025-10-15T15:01:11.043700Z', 'signature': 'qfFEuRMEFzOk6a6pE9oGr7s6fN+XUtKtGpTbKAEGzuU='}",file:///home/ritik26/Desktop/BE-Major-Project/receipts/receipt_55252576b916457f9fd9d34d01f52efe.json,base
sess-1760540327,uniform,0.0,0.4232141375541687,0.4232141375541687,0.9999999999976372,0.6503938436508179,,,,,,file://secure_store/local_updates/dp_uniform_1760540471085.pt.enc,"{'agent': 'dp-agent', 'session_id': 'sess-1760540327', 'operation': 'dp_process_update', 'params': {'clip_norm': 1.0, 'clip_applied': False, 'noise_multiplier': 0.0, 'mechanism': 'uniform', 'l2_norm_before': 0.4232141375541687, 'l2_norm_after': 0.4232141375541687}, 'outputs': ['file://secure_store/local_updates/dp_uniform_1760540471085.pt.enc'], 'timestamp': '2025-10-15T15:01:11.085401Z', 'signature': 'RW0ong4ZZ5eETaTEx14CMNxlp/e3oD+8QTFX2yP6I6Y='}",file:///home/ritik26/Desktop/BE-Major-Project/receipts/receipt_e60b79e6437c46588502cb988c849a89.json,base
sess-1760540327,uniform,0.5,0.4232141375541687,3.2292258739471436,7.630241023142081,0.6454312205314636,,,,,,file://secure_store/local_updates/dp_uniform_1760540471127.pt.enc,"{'agent': 'dp-agent', 'session_id': 'sess-1760540327', 'operation': 'dp_process_update', 'params': {'clip_norm': 1.0, 'clip_applied': False, 'noise_multiplier': 0.5, 'mechanism': 'uniform', 'l2_norm_before': 0.4232141375541687, 'l2_norm_after': 3.2292258739471436}, 'outputs': ['file://secure_store/local_updates/dp_uniform_1760540471127.pt.enc'], 'timestamp': '2025-10-15T15:01:11.127592Z', 'signature': 'AGWFyL1wCMjwWJNDci6e7bzDY7F+A6uEAx8UrqJ23RQ='}",file:///home/ritik26/Desktop/BE-Major-Project/receipts/receipt_fcc3a048fc934543ba968a97ab99c428.json,base
sess-1760540327,uniform,1.0,0.4232141375541687,6.442323684692383,15.222373529174895,0.6406851410865784,,,,,,file://secure_store/local_updates/dp_uniform_1760540471169.pt.enc,"{'agent': 'dp-agent', 'session_id': 'sess-1760540327', 'operation': 'dp_process_update', 'params': {'clip_norm': 1.0, 'clip_applied': False, 'noise_multiplier': 1.0, 'mechanism': 'uniform', 'l2_norm_before': 0.4232141375541687, 'l2_norm_after': 6.442323684692383}, 'outputs': ['file://secure_store/local_updates/dp_uniform_1760540471169.pt.enc'], 'timestamp': '2025-10-15T15:01:11.169954Z', 'signature': 'VfbKeHL0L4n1/Rrf0Qm31a3819oKtzQs4ulC/FHFxJo='}",file:///home/ritik26/Desktop/BE-Major-Project/receipts/receipt_591d3222aca4487885eac5011e9732eb.json,base
sess-1760540327,uniform,1.5,0.4232141375541687,9.664678573608398,22.836379307741215,0.6361907720565796,,,,,,file://secure_store/local_updates/dp_uniform_1760540471212.pt.enc,"{'agent': 'dp-agent', 'session_id': 'sess-1760540327', 'operation': 'dp_process_update', 'params': {'clip_norm': 1.0, 'clip_applied': False, 'noise_multiplier': 1.5, 'mechanism': 'uniform', 'l2_norm_before': 0.4232141375541687, 'l2_norm_after': 9.664678573608398}, 'outputs': ['file://secure_store/local_updates/dp_uniform_1760540471212.pt.enc'], 'timestamp': '2025-10-15T15:01:11.212815Z', 'signature': 'CjuBwUWghbvqyruLpFOwvjS22Wq05yUTv7D5ss73bDY='}",file:///home/ritik26/Desktop/BE-Major-Project/receipts/receipt_e0a151d86c4f4c1492a0798a7ccc6359.json,base
sess-1760540327,uniform,2.0,0.4232141375541687,12.889349937438965,30.455858615447966,0.6318402886390686,,,,,,file://secure_store/local_updates/dp_uniform_1760540471258.pt.enc,"{'agent': 'dp-agent', 'session_id': 'sess-1760540327', 'operation': 'dp_process_update', 'params': {'clip_norm': 1.0, 'clip_applied': False, 'noise_multiplier': 2.0, 'mechanism': 'uniform', 'l2_norm_before': 0.4232141375541687, 'l2_norm_after': 12.889349937438965}, 'outputs': ['file://secure_store/local_updates/dp_uniform_1760540471258.pt.enc'], 'timestamp': '2025-10-15T15:01:11.258300Z', 'signature': 'tT9ZhwpO/MamJGbdfh3FFGhl/AFczsDhw+11K6N2jW4='}",file:///home/ritik26/Desktop/BE-Major-Project/receipts/receipt_225f4093b7e24de98e94d3fbe3c0fe97.json,base
sess-1760540327,exponential,0.0,0.4232141375541687,0.4232141375541687,0.9999999999976372,0.6503938436508179,,,,,,file://secure_store/local_updates/dp_exponential_1760540471304.pt.enc,"{'agent': 'dp-agent', 'session_id': 'sess-1760540327', 'operation': 'dp_process_update', 'params': {'clip_norm': 1.0, 'clip_applied': False, 'noise_multiplier': 0.0, 'mechanism': 'exponential', 'l2_norm_before': 0.4232141375541687, 'l2_norm_after': 0.4232141375541687}, 'outputs': ['file://secure_store/local_updates/dp_exponential_1760540471304.pt.enc'], 'timestamp': '2025-10-15T15:01:11.305024Z', 'signature': 'ZCg5HBJH2Jc+dRePcrMbx4bIjulp0oq9epIfGuabH/0='}",file:///home/ritik26/Desktop/BE-Major-Project/receipts/receipt_84540b5691974931b44683634c3f00ec.json,base
sess-1760540327,exponential,0.5,0.4232141375541687,30.261409759521484,71.50377805036514,0.6100661158561707,,,,,,file://secure_store/local_updates/dp_exponential_1760540471348.pt.enc,"{'agent': 'dp-agent', 'session_id': 'sess-1760540327', 'operation': 'dp_process_update', 'params': {'clip_norm': 1.0, 'clip_applied': False, 'noise_multiplier': 0.5, 'mechanism': 'exponential', 'l2_norm_before': 0.4232141375541687, 'l2_norm_after': 30.261409759521484}, 'outputs': ['file://secure_store/local_updates/dp_exponential_1760540471348.pt.enc'], 'timestamp': '2025-10-15T15:01:11.348927Z', 'signature': 'lIsWTgoeTCXg2ZX/bwhyrf2sFcarTsjCKnldUkIVIaE='}",file:///home/ritik26/Desktop/BE-Major-Project/receipts/receipt_cc5e5b9fb79f46aab347d676ed6f8545.json,base
sess-1760540327,exponential,1.0,0.4232141375541687,15.120074272155762,35.72677028111983,0.6288965344429016,,,,,,file://secure_store/local_updates/dp_exponential_1760540471391.pt.enc,"{'agent': 'dp-agent', 'session_id': 'sess-1760540327', 'operation': 'dp_process_update', 'params': {'clip_norm': 1.0, 'clip_applied': False, 'noise_multiplier': 1.0, 'mechanism': 'exponential', 'l2_norm_before': 0.4232141375541687, 'l2_norm_after': 15.120074272155762}, 'outputs': ['file://secure_store/local_updates/dp_exponential_1760540471391.pt.enc'], 'timestamp': '2025-10-15T15:01:11.391849Z', 'signature': 'n0UyBkJt9+cobKtNeGDdyiPnvVqHYZed/ny/4ViJjvY='}",file:///home/ritik26/Desktop/BE-Major-Project/receipts/receipt_678140b04f524575afa2ab552f000fdd.json,base
sess-1760540327,exponential,1.5,0.4232141375541687,10.074933052062988,23.805757317711667,0.6356302499771118,,,,,,file://secure_store/local_updates/dp_exponential_1760540471434.pt.enc,"{'agent': 'dp-agent', 'session_id': 'sess-1760540327', 'operation': 'dp_process_update', 'params': {'clip_norm': 1.0, 'clip_applied': False, 'noise_multiplier': 1.5, 'mechanism': 'exponential', 'l2_norm_before': 0.4232141375541687, 'l2_norm_after': 10.074933052062988}, 'outputs': ['file://secure_store/local_updates/dp_exponential_1760540471434.pt.enc'], 'timestamp': '2025-10-15T15:01:11.434742Z', 'signature': 'NS4wijmRxi64RipWe0pITjRzwjzcQNm3Mdd7W2fhCcA='}",file:///home/ritik26/Desktop/BE-Major-Project/receipts/receipt_049345c5bf02416fa7c480dc2cf4bc8b.json,base
sess-1760540327,exponential,2.0,0.4232141375541687,7.553842544555664,17.84874812593181,0.6391139626502991,,,,,,file://secure_store/local_updates/dp_exponential_1760540471477.pt.enc,"{'agent': 'dp-agent', 'session_id': 'sess-1760540327', 'operation': 'dp_process_update', 'params': {'clip_norm': 1.0, 'clip_applied': False, 'noise_multiplier': 2.0, 'mechanism': 'exponential', 'l2_norm_before': 0.4232141375541687, 'l2_norm_after': 7.553842544555664}, 'outputs': ['file://secure_store/local_updates/dp_exponential_1760540471477.pt.enc'], 'timestamp': '2025-10-15T15:01:11.478167Z', 'signature': 'E00iIRz64byUSIjxh9wSytvHS4mRa5szCvOYJ5coHuU='}",file:///home/ritik26/Desktop/BE-Major-Project/receipts/receipt_0eb93ecfea81443f8638fa3852d0c642.json,base
sess-1760540327,student_t,0.0,0.4232141375541687,0.4232141375541687,0.9999999999976372,0.6503938436508179,,,,,,file://secure_store/local_updates/dp_student_t_1760540471521.pt.enc,"{'agent': 'dp-agent', 'session_id': 'sess-1760540327', 'operation': 'dp_process_update', 'params': {'clip_norm': 1.0, 'clip_applied': False, 'noise_multiplier': 0.0, 'mechanism': 'student_t', 'l2_norm_before': 0.4232141375541687, 'l2_norm_after': 0.4232141375541687}, 'outputs': ['file://secure_store/local_updates/dp_student_t_1760540471521.pt.enc'], 'timestamp': '2025-10-15T15:01:11.521769Z', 'signature': 'mUow9nKxd1vWjF4QyQM6IeeK7mvD8S1y6yo4USc2dYU='}",file:///home/ritik26/Desktop/BE-Major-Project/receipts/receipt_9f0a8d3675a64ac2a1b9cdd90c45831c.json,base
sess-1760540327,student_t,0.5,0.4232141375541687,5.57829475402832,13.18078546773772,0.641926109790802,,,,,,file://secure_store/local_updates/dp_student_t_1760540471570.pt.enc,"{'agent': 'dp-agent', 'session_id': 'sess-1760540327', 'operation': 'dp_process_update', 'params': {'clip_norm': 1.0, 'clip_applied': False, 'noise_multiplier': 0.5, 'mechanism': 'student_t', 'l2_norm_before': 0.4232141375541687, 'l2_norm_after': 5.57829475402832}, 'outputs': ['file://secure_store/local_updates/dp_student_t_1760540471570.pt.enc'], 'timestamp': '2025-10-15T15:01:11.570571Z', 'signature': 'jKsnmka0CLasYWVKd7E9Pvm6rJVgoAgPpJLkqfvqp6Y='}",file:///home/ritik26/Desktop/BE-Major-Project/receipts/receipt_962da52145c24a51ae4bd3049a68d793.json,base
sess-1760540327,student_t,1.0,0.4232141375541687,11.150176048278809,26.34641676360661,0.6341714262962341,,,,,,file://secure_store/local_updates/dp_student_t_1760540471615.pt.enc,"{'agent': 'dp-agent', 'session_id': 'sess-1760540327', 'operation': 'dp_process_update', 'params': {'clip_norm': 1.0, 'clip_applied': False, 'noise_multiplier': 1.0, 'mechanism': 'student_t', 'l2_norm_before': 0.4232141375541687, 'l2_norm_after': 11.150176048278809}, 'outputs': ['file://secure_store/local_updates/dp_student_t_1760540471615.pt.enc'], 'timestamp': '2025-10-15T15:01:11.615798Z', 'signature': 'HIi1n4JZmPUgBn2GgSpU/EcfQmL26fucO35d2uNDiXY='}",file:///home/ritik26/Desktop/BE-Major-Project/receipts/receipt_8548fb0900c54b79bf63883dbb91ba61.json,base
sess-1760540327,student_t,1.5,0.4232141375541687,16.7274112701416,39.52469869454934,0.6268048882484436,,,,,,file://secure_store/local_updates/dp_student_t_1760540471657.pt.enc,"{'agent': 'dp-agent', 'session_id': 'sess-1760540327', 'operation': 'dp_process_update', 'params': {'clip_norm': 1.0, 'clip_applied': False, 'noise_multiplier': 1.5, 'mechanism': 'student_t', 'l2_norm_before': 0.4232141375541687, 'l2_norm_after': 16.7274112701416}, 'outputs': ['file://secure_store/local_updates/dp_student_t_1760540471657.pt.enc'], 'timestamp': '2025-10-15T15:01:11.658119Z', 'signature': 'hSMPTjErpBr8FBwBEXk8IbCC1C58jODOkt//nuvaqPI='}",file:///home/ritik26/Desktop/BE-Major-Project/receipts/receipt_c5efbfea95ac497f968226149b68de1f.json,base
sess-1760540327,student_t,2.0,0.4232141375541687,22.305984497070312,52.706142157556314,0.6197225451469421,,,,,,file://secure_store/local_updates/dp_student_t_1760540471701.pt.enc,"{'agent': 'dp-agent', 'session_id': 'sess-1760540327', 'operation': 'dp_process_update', 'params': {'clip_norm': 1.0, 'clip_applied': False, 'noise_multiplier': 2.0, 'mechanism': 'student_t', 'l2_norm_before': 0.4232141375541687, 'l2_norm_after': 22.305984497070312}, 'outputs': ['file://secure_store/local_updates/dp_student_t_1760540471701.pt.enc'], 'timestamp': '2025-10-15T15:01:11.701326Z', 'signature': '8pJ4Yn70aacQXw5MPnFCnQm30eFJgC/r6v0G5lAGCFU='}",file:///home/ritik26/Desktop/BE-Major-Project/receipts/receipt_a07c7fb2656a40e287d41f5f4bf7a8bd.json,base
sess-1760540327,none,0.0,0.4232141375541687,0.4232141375541687,0.9999999999976372,0.6503938436508179,,,,,,file://secure_store/local_updates/dp_none_1760540471745.pt.enc,"{'agent': 'dp-agent', 'session_id': 'sess-1760540327', 'operation': 'dp_process_update', 'params': {'clip_norm': 1.0, 'clip_applied': False, 'noise_multiplier': 0.0, 'mechanism': 'none', 'l2_norm_before': 0.4232141375541687, 'l2_norm_after': 0.4232141375541687}, 'outputs': ['file://secure_store/local_updates/dp_none_1760540471745.pt.enc'], 'timestamp': '2025-10-15T15:01:11.745347Z', 'signature': 'KG6M75C5oXoC3bkjoNrn298QpH9YWgEAeINj9YTpSIQ='}",file:///home/ritik26/Desktop/BE-Major-Project/receipts/receipt_6ceefc15b4fb4f96afe59b46edec36a4.json,base
sess-1760540327,none,0.5,0.4232141375541687,0.4232141375541687,0.9999999999976372,0.6503938436508179,,,,,,file://secure_store/local_updates/dp_none_1760540471788.pt.enc,"{'agent': 'dp-agent', 'session_id': 'sess-1760540327', 'operation': 'dp_process_update', 'params': {'clip_norm': 1.0, 'clip_applied': False, 'noise_multiplier': 0.5, 'mechanism': 'none', 'l2_norm_before': 0.4232141375541687, 'l2_norm_after': 0.4232141375541687}, 'outputs': ['file://secure_store/local_updates/dp_none_1760540471788.pt.enc'], 'timestamp': '2025-10-15T15:01:11.788678Z', 'signature': 'bsBHzzfKiLs463wlMJo0GhubKivzkPqfHgEEBqLDZFo='}",file:///home/ritik26/Desktop/BE-Major-Project/receipts/receipt_066316cf8d514d62896a3f20804a864f.json,base
sess-1760540327,none,1.0,0.4232141375541687,0.4232141375541687,0.9999999999976372,0.6503938436508179,,,,,,file://secure_store/local_updates/dp_none_1760540471837.pt.enc,"{'agent': 'dp-agent', 'session_id': 'sess-1760540327', 'operation': 'dp_process_update', 'params': {'clip_norm': 1.0, 'clip_applied': False, 'noise_multiplier': 1.0, 'mechanism': 'none', 'l2_norm_before': 0.4232141375541687, 'l2_norm_after': 0.4232141375541687}, 'outputs': ['file://secure_store/local_updates/dp_none_1760540471837.pt.enc'], 'timestamp': '2025-10-15T15:01:11.837610Z', 'signature': 'zcmY/RTWOmIbYi9297eQ3/mJmOlqmOZ1uIjZp0/7yGY='}",file:///home/ritik26/Desktop/BE-Major-Project/receipts/receipt_ca8db6630a0c4a168262fffb7be662c3.json,base
sess-1760540327,none,1.5,0.4232141375541687,0.4232141375541687,0.9999999999976372,0.6503938436508179,,,,,,file://secure_store/local_updates/dp_none_1760540471881.pt.enc,"{'agent': 'dp-agent', 'session_id': 'sess-1760540327', 'operation': 'dp_process_update', 'params': {'clip_norm': 1.0, 'clip_applied': False, 'noise_multiplier': 1.5, 'mechanism': 'none', 'l2_norm_before': 0.4232141375541687, 'l2_norm_after': 0.4232141375541687}, 'outputs': ['file://secure_store/local_updates/dp_none_1760540471881.pt.enc'], 'timestamp': '2025-10-15T15:01:11.881266Z', 'signature': 'u1M+RkQm1wnNDTUN4D/AMo/qXRwzXbj8K341JRNmMUg='}",file:///home/ritik26/Desktop/BE-Major-Project/receipts/receipt_4de9bee6cb8545c590233263f0428b1b.json,base
sess-1760540327,none,2.0,0.4232141375541687,0.4232141375541687,0.9999999999976372,0.6503938436508179,,,,,,file://secure_store/local_updates/dp_none_1760540471923.pt.enc,"{'agent': 'dp-agent', 'session_id': 'sess-1760540327', 'operation': 'dp_process_update', 'params': {'clip_norm': 1.0, 'clip_applied': False, 'noise_multiplier': 2.0, 'mechanism': 'none', 'l2_norm_before': 0.4232141375541687, 'l2_norm_after': 0.4232141375541687}, 'outputs': ['file://secure_store/local_updates/dp_none_1760540471923.pt.enc'], 'timestamp': '2025-10-15T15:01:11.923567Z', 'signature': 'oG3nZ0tiPVqSUlSxHmzDAWSs7ZFi5utjTsrbsfzirxk='}",file:///home/ritik26/Desktop/BE-Major-Project/receipts/receipt_e87986702e454f07bbfb1e067e50266e.json,base
sess-1760540327,gaussian,0.0,0.5284956693649292,0.5284956693649292,0.9999999999981078,0.6501500010490417,,,,,,file://secure_store/local_updates/dp_gaussian_1760540472532.pt.enc,"{'agent': 'dp-agent', 'session_id': 'sess-1760540327', 'operation': 'dp_process_update', 'params': {'clip_norm': 1.0, 'clip_applied': False, 'noise_multiplier': 0.0, 'mechanism': 'gaussian', 'l2_norm_before': 0.5284956693649292, 'l2_norm_after': 0.5284956693649292}, 'outputs': ['file://secure_store/local_updates/dp_gaussian_1760540472532.pt.enc'], 'timestamp': '2025-10-15T15:01:12.532888Z', 'signature': '8g+fsC7UEUnPalnQxsZ7W/lWZGzAv7F9CpvbBFFCVD0='}",file:///home/ritik26/Desktop/BE-Major-Project/receipts/receipt_1b6be299076d4b61ace2d26086a861ad.json,rag
sess-1760540327,gaussian,0.5,0.5284956693649292,7.249886989593506,13.717968584854573,0.6395410895347595,,,,,,file://secure_store/local_updates/dp_gaussian_1760540472584.pt.enc,"{'agent': 'dp-agent', 'session_id': 'sess-1760540327', 'operation': 'dp_process_update', 'params': {'clip_norm': 1.0, 'clip_applied': False, 'noise_multiplier': 0.5, 'mechanism': 'gaussian', 'l2_norm_before': 0.5284956693649292, 'l2_norm_after': 7.249886989593506}, 'outputs': ['file://secure_store/local_updates/dp_gaussian_1760540472584.pt.enc'], 'timestamp': '2025-10-15T15:01:12.584684Z', 'signature': 'aM6u+576gn8hnECJxTkF6QjCrdBPnqvNzwA9Zv3sbZw='}",file:///home/ritik26/Desktop/BE-Major-Project/receipts/receipt_47d69a6d0e0b4c2c82a9e7b5750a5fef.json,rag
sess-1760540327,gaussian,1.0,0.5284956693649292,14.482023239135742,27.402349874523612,0.6297335028648376,,,,,,file://secure_store/local_updates/dp_gaussian_1760540472629.pt.enc,"{'agent': 'dp-agent', 'session_id': 'sess-1760540327', 'operation': 'dp_process_update', 'params': {'clip_norm': 1.0, 'clip_applied': False, 'noise_multiplier': 1.0, 'mechanism': 'gaussian', 'l2_norm_before': 0.5284956693649292, 'l2_norm_after': 14.482023239135742}, 'outputs': ['file://secure_store/local_updates/dp_gaussian_1760540472629.pt.enc'], 'timestamp': '2025-10-15T15:01:12.629286Z', 'signature': 'YUxuQS4d+PT4YLpldDsWhBULU25j2VFQLriBJPspr+A='}",file:///home/ritik26/Desktop/BE-Major-Project/receipts/receipt_93ea1742b33b4735a554aab7ca63dacd.json,rag
sess-1760540327,gaussian,1.5,0.5284956693649292,21.7205810546875,41.09888181439046,0.6204532980918884,,,,,,file://secure_store/local_updates/dp_gaussian_1760540472653.pt.enc,"{'agent': 'dp-agent', 'session_id': 'sess-1760540327', 'operation': 'dp_process_update', 'params': {'clip_norm': 1.0, 'clip_applied': False, 'noise_multiplier': 1.5, 'mechanism': 'gaussian', 'l2_norm_before': 0.5284956693649292, 'l2_norm_after': 21.7205810546875}, 'outputs': ['file://secure_store/local_updates/dp_gaussian_1760540472653.pt.enc'], 'timestamp': '2025-10-15T15:01:12.653536Z', 'signature': '2g3F0DVfGlYmkghbyyVVRf+DSl19PNMFXszYjhybgsw='}",file:///home/ritik26/Desktop/BE-Major-Project/receipts/receipt_82cf2ab576b442638f50fec881ddd517.json,rag
sess-1760540327,gaussian,2.0,0.5284956693649292,28.96074867248535,54.79845976265322,0.6116105914115906,,,,,,file://secure_store/local_updates/dp_gaussian_1760540472678.pt.enc,"{'agent': 'dp-agent', 'session_id': 'sess-1760540327', 'operation': 'dp_process_update', 'params': {'clip_norm': 1.0, 'clip_applied': False, 'noise_multiplier': 2.0, 'mechanism': 'gaussian', 'l2_norm_before': 0.5284956693649292, 'l2_norm_after': 28.96074867248535}, 'outputs': ['file://secure_store/local_updates/dp_gaussian_1760540472678.pt.enc'], 'timestamp': '2025-10-15T15:01:12.678213Z', 'signature': 'AVnuzXip/rQ0Y6fUuJSYb52XkTx4xH/B2JjXlLtbSKg='}",file:///home/ritik26/Desktop/BE-Major-Project/receipts/receipt_6c8e5b00468c4d19ab1f012e7087d0d5.json,rag
sess-1760540327,laplace,0.0,0.5284956693649292,0.5284956693649292,0.9999999999981078,0.6501500010490417,,,,,,file://secure_store/local_updates/dp_laplace_1760540472702.pt.enc,"{'agent': 'dp-agent', 'session_id': 'sess-1760540327', 'operation': 'dp_process_update', 'params': {'clip_norm': 1.0, 'clip_applied': False, 'noise_multiplier': 0.0, 'mechanism': 'laplace', 'l2_norm_before': 0.5284956693649292, 'l2_norm_after': 0.5284956693649292}, 'outputs': ['file://secure_store/local_updates/dp_laplace_1760540472702.pt.enc'], 'timestamp': '2025-10-15T15:01:12.702501Z', 'signature': '6zqu5qyaYRKKE9X+5uIIbC/CSUqR1YLjh9OUUoRWNp4='}",file:///home/ritik26/Desktop/BE-Major-Project/receipts/receipt_ec5cc8cc4dbf40c7a99e67b7cdbb6c0f.json,rag
sess-1760540327,laplace,0.5,0.5284956693649292,10.665094375610352,20.180097953131693,0.634827733039856,,,,,,file://secure_store/local_updates/dp_laplace_1760540472726.pt.enc,"{'agent': 'dp-agent', 'session_id': 'sess-1760540327', 'operation': 'dp_process_update', 'params': {'clip_norm': 1.0, 'clip_applied': False, 'noise_multiplier': 0.5, 'mechanism': 'laplace', 'l2_norm_before': 0.5284956693649292, 'l2_norm_after': 10.665094375610352}, 'outputs': ['file://secure_store/local_updates/dp_laplace_1760540472726.pt.enc'], 'timestamp': '2025-10-15T15:01:12.726541Z', 'signature': 'G3eYi7rOqDKMC/7JBTLAkYlPLYtofOt4iXjIVp3pgC4='}",file:///home/ritik26/Desktop/BE-Major-Project/receipts/receipt_0f1982b647f84227bed100dbab5d34ce.json,rag
sess-1760540327,laplace,1.0,0.5284956693649292,21.369548797607422,40.43467153334647,0.6208928823471069,,,,,,file://secure_store/local_updates/dp_laplace_1760540472750.pt.enc,"{'agent': 'dp-agent', 'session_id': 'sess-1760540327', 'operation': 'dp_process_update', 'params': {'clip_norm': 1.0, 'clip_applied': False, 'noise_multiplier': 1.0, 'mechanism': 'laplace', 'l2_norm_before': 0.5284956693649292, 'l2_norm_after': 21.369548797607422}, 'outputs': ['file://secure_store/local_updates/dp_laplace_1760540472750.pt.enc'], 'timestamp': '2025-10-15T15:01:12.750967Z', 'signature': 'm1LrQT+b0Q0fNOFrPY82RbKn5o2vQANTa5rpnJQT0m0='}",file:///home/ritik26/Desktop/BE-Major-Project/receipts/receipt_79a79940ae24416c98d913a2c73378ff.json,rag
sess-1760540327,laplace,1.5,0.5284956693649292,32.07833480834961,60.69744118591565,0.6079301834106445,,,,,,file://secure_store/local_updates/dp_laplace_1760540472774.pt.enc,"{'agent': 'dp-agent', 'session_id': 'sess-1760540327', 'operation': 'dp_process_update', 'params': {'clip_norm': 1.0, 'clip_applied': False, 'noise_multiplier': 1.5, 'mechanism': 'laplace', 'l2_norm_before': 0.5284956693649292, 'l2_norm_after': 32.07833480834961}, 'outputs': ['file://secure_store/local_updates/dp_laplace_1760540472774.pt.enc'], 'timestamp': '2025-10-15T15:01:12.775075Z', 'signature': 'otN4YazP4ABIlF8H5gRQmf/syiCB7BwpCGo7qRuSIos='}",file:///home/ritik26/Desktop/BE-Major-Project/receipts/receipt_92cbf862f222474eb749fde15745f44b.json,rag
sess-1760540327,laplace,2.0,0.5284956693649292,42.7881965637207,80.96224632276837,0.5958338975906372,,,,,,file://secure_store/local_updates/dp_laplace_1760540472798.pt.enc,"{'agent': 'dp-agent', 'session_id': 'sess-1760540327', 'operation': 'dp_process_update', 'params': {'clip_norm': 1.0, 'clip_applied': False, 'noise_multiplier': 2.0, 'mechanism': 'laplace', 'l2_norm_before': 0.5284956693649292, 'l2_norm_after': 42.7881965637207}, 'outputs': ['file://secure_store/local_updates/dp_laplace_1760540472798.pt.enc'], 'timestamp': '2025-10-15T15:01:12.799073Z', 'signature': 'MYUCWqj6I/B61Um/SKM39Cb6lAt9BYFERDDKWPqaQjc='}",file:///home/ritik26/Desktop/BE-Major-Project/receipts/receipt_f778afcf738f4367b3e0f808d77724a7.json,rag
sess-1760540327,uniform,0.0,0.5284956693649292,0.5284956693649292,0.9999999999981078,0.6501500010490417,,,,,,file://secure_store/local_updates/dp_uniform_1760540472822.pt.enc,"{'agent': 'dp-agent', 'session_id': 'sess-1760540327', 'operation': 'dp_process_update', 'params': {'clip_norm': 1.0, 'clip_applied': False, 'noise_multiplier': 0.0, 'mechanism': 'uniform', 'l2_norm_before': 0.5284956693649292, 'l2_norm_after': 0.5284956693649292}, 'outputs': ['file://secure_store/local_updates/dp_uniform_1760540472822.pt.enc'], 'timestamp': '2025-10-15T15:01:12.822854Z', 'signature': '4otq7Rw9IFyWHW4tU6I2K2xmwMpdG1uypN36ScCU4kU='}",file:///home/ritik26/Desktop/BE-Major-Project/receipts/receipt_27d1cc8fa2764729853617a787ec141c.json,rag
sess-1760540327,uniform,0.5,0.5284956693649292,4.239085674285889,8.021041457864351,0.6438947319984436,,,,,,file://secure_store/local_updates/dp_uniform_1760540472846.pt.enc,"{'agent': 'dp-agent', 'session_id': 'sess-1760540327', 'operation': 'dp_process_update', 'params': {'clip_norm': 1.0, 'clip_applied': False, 'noise_multiplier': 0.5, 'mechanism': 'uniform', 'l2_norm_before': 0.5284956693649292, 'l2_norm_after': 4.239085674285889}, 'outputs': ['file://secure_store/local_updates/dp_uniform_1760540472846.pt.enc'], 'timestamp': '2025-10-15T15:01:12.846840Z', 'signature': 'cLkZbGVLy9jAYdipqcpX9eiioa04GxdTjuNup8wFEKc='}",file:///home/ritik26/Desktop/BE-Major-Project/receipts/receipt_c860dd65d5cd48fc9b67d6c06fed9426.json,rag
sess-1760540327,uniform,1.0,0.5284956693649292,8.47497844696045,16.03604142514249,0.637829601764679,,,,,,file://secure_store/local_updates/dp_uniform_1760540472870.pt.enc,"{'agent': 'dp-agent', 'session_id': 'sess-1760540327', 'operation': 'dp_process_update', 'params': {'clip_norm': 1.0, 'clip_applied': False, 'noise_multiplier': 1.0, 'mechanism': 'uniform', 'l2_norm_before': 0.5284956693649292, 'l2_norm_after': 8.47497844696045}, 'outputs': ['file://secure_store/local_updates/dp_uniform_1760540472870.pt.enc'], 'timestamp': '2025-10-15T15:01:12.870503Z', 'signature': 'k9zlPAfRh9nPLFPLXSSCMg4rBEpulu/bb41ktHd7VKg='}",file:///home/ritik26/Desktop/BE-Major-Project/receipts/receipt_303b29ff019647dbaa86d66050e6129b.json,rag
sess-1760540327,uniform,1.5,0.5284956693649292,12.721853256225586,24.071821196735304,0.6320634484291077,,,,,,file://secure_store/local_updates/dp_uniform_1760540472894.pt.enc,"{'agent': 'dp-agent', 'session_id': 'sess-1760540327', 'operation': 'dp_process_update', 'params': {'clip_norm': 1.0, 'clip_applied': False, 'noise_multiplier': 1.5, 'mechanism': 'uniform', 'l2_norm_before': 0.5284956693649292, 'l2_norm_after': 12.721853256225586}, 'outputs': ['file://secure_store/local_updates/dp_uniform_1760540472894.pt.enc'], 'timestamp': '2025-10-15T15:01:12.894744Z', 'signature': 'fZVURr32gWyjvTsuH62iopc+yD8e0ivqTtG02TwYUCw='}",file:///home/ritik26/Desktop/BE-Major-Project/receipts/receipt_9dcdd9da3eaa47d6ba9be23a626d25c1.json,rag
sess-1760540327,uniform,2.0,0.5284956693649292,16.97146987915039,32.11278892694083,0.6264894604682922,,,,,,file://secure_store/local_updates/dp_uniform_1760540472918.pt.enc,"{'agent': 'dp-agent', 'session_id': 'sess-1760540327', 'operation': 'dp_process_update', 'params': {'clip_norm': 1.0, 'clip_applied': False, 'noise_multiplier': 2.0, 'mechanism': 'uniform', 'l2_norm_before': 0.5284956693649292, 'l2_norm_after': 16.97146987915039}, 'outputs': ['file://secure_store/local_updates/dp_uniform_1760540472918.pt.enc'], 'timestamp': '2025-10-15T15:01:12.919181Z', 'signature': '0Plf8nRPqEsW1VcWPOCPdyg2+OxZ23e7SCZD6N9Yg+4='}",file:///home/ritik26/Desktop/BE-Major-Project/receipts/receipt_fd0c9e8a39eb46ee9f380959739fd24d.json,rag
sess-1760540327,exponential,0.0,0.5284956693649292,0.5284956693649292,0.9999999999981078,0.6501500010490417,,,,,,file://secure_store/local_updates/dp_exponential_1760540472942.pt.enc,"{'agent': 'dp-agent', 'session_id': 'sess-1760540327', 'operation': 'dp_process_update', 'params': {'clip_norm': 1.0, 'clip_applied': False, 'noise_multiplier': 0.0, 'mechanism': 'exponential', 'l2_norm_before': 0.5284956693649292, 'l2_norm_after': 0.5284956693649292}, 'outputs': ['file://secure_store/local_updates/dp_exponential_1760540472942.pt.enc'], 'timestamp': '2025-10-15T15:01:12.943004Z', 'signature': 'YWhA7G8qsyqik+288FTxBqpdHiCmpyzhQLuaZhFYkU8='}",file:///home/ritik26/Desktop/BE-Major-Project/receipts/receipt_47af4236d82749cea002c40dbda0fda5.json,rag
sess-1760540327,exponential,0.5,0.5284956693649292,36.34104919433594,68.76319201997752,0.6030166745185852,,,,,,file://secure_store/local_updates/dp_exponential_1760540472967.pt.enc,"{'agent': 'dp-agent', 'session_id': 'sess-1760540327', 'operation': 'dp_process_update', 'params': {'clip_norm': 1.0, 'clip_applied': False, 'noise_multiplier': 0.5, 'mechanism': 'exponential', 'l2_norm_before': 0.5284956693649292, 'l2_norm_after': 36.34104919433594}, 'outputs': ['file://secure_store/local_updates/dp_exponential_1760540472967.pt.enc'], 'timestamp': '2025-10-15T15:01:12.967392Z', 'signature': 'YLbIZWQeZJZ33U8Tr3/t22H8SkTESvxTPu+KoJtXzD8='}",file:///home/ritik26/Desktop/BE-Major-Project/receipts/receipt_202185978b994c29b8ad0dd2a4cf0ebe.json,rag
sess-1760540327,exponential,1.0,0.5284956693649292,18.169857025146484,34.38033285484827,0.6249478459358215,,,,,,file://secure_store/local_updates/dp_exponential_1760540472991.pt.enc,"{'agent': 'dp-agent', 'session_id': 'sess-1760540327', 'operation': 'dp_process_update', 'params': {'clip_norm': 1.0, 'clip_applied': False, 'noise_multiplier': 1.0, 'mechanism': 'exponential', 'l2_norm_before': 0.5284956693649292, 'l2_norm_after': 18.169857025146484}, 'outputs': ['file://secure_store/local_updates/dp_exponential_1760540472991.pt.enc'], 'timestamp': '2025-10-15T15:01:12.991433Z', 'signature': 'QMojhuo2vHLLqNx3MeqMVAQPIjvTewhC/A14I31AedU='}",file:///home/ritik26/Desktop/BE-Major-Project/receipts/receipt_9ac6873f75184309ae69aca5b20db417.json,rag
sess-1760540327,exponential,1.5,0.5284956693649292,12.11535358428955,22.924224902022626,0.6328736543655396,,,,,,file://secure_store/local_updates/dp_exponential_1760540473015.pt.enc,"{'agent': 'dp-agent', 'session_id': 'sess-1760540327', 'operation': 'dp_process_update', 'params': {'clip_norm': 1.0, 'clip_applied': False, 'noise_multiplier': 1.5, 'mechanism': 'exponential', 'l2_norm_before': 0.5284956693649292, 'l2_norm_after': 12.11535358428955}, 'outputs': ['file://secure_store/local_updates/dp_exponential_1760540473015.pt.enc'], 'timestamp': '2025-10-15T15:01:13.015273Z', 'signature': 'f0BRu+FK2NFLBLw3jJRbgVtUP10rDm9QNlFaswxNWCU='}",file:///home/ritik26/Desktop/BE-Major-Project/receipts/receipt_c825ff063b4e4393a4369cd052667078.json,rag
sess-1760540327,exponential,2.0,0.5284956693649292,9.090023040771484,17.19980610565339,0.6369796991348267,,,,,,file://secure_store/local_updates/dp_exponential_1760540473038.pt.enc,"{'agent': 'dp-agent', 'session_id': 'sess-1760540327', 'operation': 'dp_process_update', 'params': {'clip_norm': 1.0, 'clip_applied': False, 'noise_multiplier': 2.0, 'mechanism': 'exponential', 'l2_norm_before': 0.5284956693649292, 'l2_norm_after': 9.090023040771484}, 'outputs': ['file://secure_store/local_updates/dp_exponential_1760540473038.pt.enc'], 'timestamp': '2025-10-15T15:01:13.038979Z', 'signature': 'GO2Tv0PLjV7Vqs3EbUmGFFltu+JvaFyN2B9khLJCsPs='}",file:///home/ritik26/Desktop/BE-Major-Project/receipts/receipt_80fc160ed8ce438496668773699761ab.json,rag
sess-1760540327,student_t,0.0,0.5284956693649292,0.5284956693649292,0.9999999999981078,0.6501500010490417,,,,,,file://secure_store/local_updates/dp_student_t_1760540473062.pt.enc,"{'agent': 'dp-agent', 'session_id': 'sess-1760540327', 'operation': 'dp_process_update', 'params': {'clip_norm': 1.0, 'clip_applied': False, 'noise_multiplier': 0.0, 'mechanism': 'student_t', 'l2_norm_before': 0.5284956693649292, 'l2_norm_after': 0.5284956693649292}, 'outputs': ['file://secure_store/local_updates/dp_student_t_1760540473062.pt.enc'], 'timestamp': '2025-10-15T15:01:13.062761Z', 'signature': 'w3LPdOr+4JLUi4H9hEObOHPsHl1Z7VLFh3D6CtFsRxU='}",file:///home/ritik26/Desktop/BE-Major-Project/receipts/receipt_6af17cac386640a0993ce2d73f928898.json,rag
sess-1760540327,student_t,0.5,0.5284956693649292,7.953356742858887,15.049048088513286,0.6385551691055298,,,,,,file://secure_store/local_updates/dp_student_t_1760540473086.pt.enc,"{'agent': 'dp-agent', 'session_id': 'sess-1760540327', 'operation': 'dp_process_update', 'params': {'clip_norm': 1.0, 'clip_applied': False, 'noise_multiplier': 0.5, 'mechanism': 'student_t', 'l2_norm_before': 0.5284956693649292, 'l2_norm_after': 7.953356742858887}, 'outputs': ['file://secure_store/local_updates/dp_student_t_1760540473086.pt.enc'], 'timestamp': '2025-10-15T15:01:13.086655Z', 'signature': 'qcUB02EPtRUVPKj6sH0G/S0BaCRQEXh2IMmTiXwoMKw='}",file:///home/ritik26/Desktop/BE-Major-Project/receipts/receipt_f31cd47d881e4c7495effbed6a1320e8.json,rag
sess-1760540327,student_t,1.0,0.5284956693649292,15.897377014160156,30.0804300501332,0.6278820633888245,,,,,,file://secure_store/local_updates/dp_student_t_1760540473110.pt.enc,"{'agent': 'dp-agent', 'session_id': 'sess-1760540327', 'operation': 'dp_process_update', 'params': {'clip_norm': 1.0, 'clip_applied': False, 'noise_multiplier': 1.0, 'mechanism': 'student_t', 'l2_norm_before': 0.5284956693649292, 'l2_norm_after': 15.897377014160156}, 'outputs': ['file://secure_store/local_updates/dp_student_t_1760540473110.pt.enc'], 'timestamp': '2025-10-15T15:01:13.111090Z', 'signature': 'FIeOtTq0TfTtjJsVO2wArDpUAhDRUxzIooBmYF3o5QQ='}",file:///home/ritik26/Desktop/BE-Major-Project/receipts/receipt_c31eabfaaa52426d9a770ee9c19079cc.json,rag
sess-1760540327,student_t,1.5,0.5284956693649292,23.847251892089844,45.12288988233518,0.6178120374679565,,,,,,file://secure_store/local_updates/dp_student_t_1760540473135.pt.enc,"{'agent': 'dp-agent', 'session_id': 'sess-1760540327', 'operation': 'dp_process_update', 'params': {'clip_norm': 1.0, 'clip_applied': False, 'noise_multiplier': 1.5, 'mechanism': 'student_t', 'l2_norm_before': 0.5284956693649292, 'l2_norm_after': 23.847251892089844}, 'outputs': ['file://secure_store/local_updates/dp_student_t_1760540473135.pt.enc'], 'timestamp': '2025-10-15T15:01:13.135362Z', 'signature': 'fT4VjmZbpK+MYHetc3nZzHgjDqBKjy8h6GSeO63jhLU='}",file:///home/ritik26/Desktop/BE-Major-Project/receipts/receipt_1eb2109973cd415992aa9c8fa2d68445.json,rag
sess-1760540327,student_t,2.0,0.5284956693649292,31.79859161376953,60.16812143781685,0.6082574129104614,,,,,,file://secure_store/local_updates/dp_student_t_1760540473159.pt.enc,"{'agent': 'dp-agent', 'session_id': 'sess-1760540327', 'operation': 'dp_process_update', 'params': {'clip_norm': 1.0, 'clip_applied': False, 'noise_multiplier': 2.0, 'mechanism': 'student_t', 'l2_norm_before': 0.5284956693649292, 'l2_norm_after': 31.79859161376953}, 'outputs': ['file://secure_store/local_updates/dp_student_t_1760540473159.pt.enc'], 'timestamp': '2025-10-15T15:01:13.159661Z', 'signature': 'k1k5Ncx4xEcKLX52QcioFIB6UoCTIDFjcatdnMITQyQ='}",file:///home/ritik26/Desktop/BE-Major-Project/receipts/receipt_c2b120ead74340c6a2a67dd7f2b3d14c.json,rag
sess-1760540327,none,0.0,0.5284956693649292,0.5284956693649292,0.9999999999981078,0.6501500010490417,,,,,,file://secure_store/local_updates/dp_none_1760540473183.pt.enc,"{'agent': 'dp-agent', 'session_id': 'sess-1760540327', 'operation': 'dp_process_update', 'params': {'clip_norm': 1.0, 'clip_applied': False, 'noise_multiplier': 0.0, 'mechanism': 'none', 'l2_norm_before': 0.5284956693649292, 'l2_norm_after': 0.5284956693649292}, 'outputs': ['file://secure_store/local_updates/dp_none_1760540473183.pt.enc'], 'timestamp': '2025-10-15T15:01:13.183581Z', 'signature': 'e/CuGqp1nBzgqnxB6ZMA2byFDqS/jRKB61/5q1OqG8o='}",file:///home/ritik26/Desktop/BE-Major-Project/receipts/receipt_bd458299672f432aa65cb4756ce8b5b1.json,rag
sess-1760540327,none,0.5,0.5284956693649292,0.5284956693649292,0.9999999999981078,0.6501500010490417,,,,,,file://secure_store/local_updates/dp_none_1760540473209.pt.enc,"{'agent': 'dp-agent', 'session_id': 'sess-1760540327', 'operation': 'dp_process_update', 'params': {'clip_norm': 1.0, 'clip_applied': False, 'noise_multiplier': 0.5, 'mechanism': 'none', 'l2_norm_before': 0.5284956693649292, 'l2_norm_after': 0.5284956693649292}, 'outputs': ['file://secure_store/local_updates/dp_none_1760540473209.pt.enc'], 'timestamp': '2025-10-15T15:01:13.209788Z', 'signature': 'qOa/duVuo+zkt/LkBf6fxJeomDZHoD9RmNOfN6NTpR0='}",file:///home/ritik26/Desktop/BE-Major-Project/receipts/receipt_769073a03f3141fdb76773db6f5bcd16.json,rag
sess-1760540327,none,1.0,0.5284956693649292,0.5284956693649292,0.9999999999981078,0.6501500010490417,,,,,,file://secure_store/local_updates/dp_none_1760540473244.pt.enc,"{'agent': 'dp-agent', 'session_id': 'sess-1760540327', 'operation': 'dp_process_update', 'params': {'clip_norm': 1.0, 'clip_applied': False, 'noise_multiplier': 1.0, 'mechanism': 'none', 'l2_norm_before': 0.5284956693649292, 'l2_norm_after': 0.5284956693649292}, 'outputs': ['file://secure_store/local_updates/dp_none_1760540473244.pt.enc'], 'timestamp': '2025-10-15T15:01:13.244738Z', 'signature': '36J8BpeZ2rvw9S9GZiGy09qqdGHwr71rGa40AIvdm9c='}",file:///home/ritik26/Desktop/BE-Major-Project/receipts/receipt_c0060d65f6274cf494fcce563f5f24ae.json,rag
sess-1760540327,none,1.5,0.5284956693649292,0.5284956693649292,0.9999999999981078,0.6501500010490417,,,,,,file://secure_store/local_updates/dp_none_1760540473271.pt.enc,"{'agent': 'dp-agent', 'session_id': 'sess-1760540327', 'operation': 'dp_process_update', 'params': {'clip_norm': 1.0, 'clip_applied': False, 'noise_multiplier': 1.5, 'mechanism': 'none', 'l2_norm_before': 0.5284956693649292, 'l2_norm_after': 0.5284956693649292}, 'outputs': ['file://secure_store/local_updates/dp_none_1760540473271.pt.enc'], 'timestamp': '2025-10-15T15:01:13.271823Z', 'signature': '7qVVJe50t3kHke+DvaCQF2aSaaC0RkYCv1srGkh9kKw='}",file:///home/ritik26/Desktop/BE-Major-Project/receipts/receipt_54a5ad14f21c4e5f8ada9072a67a0924.json,rag
sess-1760540327,none,2.0,0.5284956693649292,0.5284956693649292,0.9999999999981078,0.6501500010490417,,,,,,file://secure_store/local_updates/dp_none_1760540473295.pt.enc,"{'agent': 'dp-agent', 'session_id': 'sess-1760540327', 'operation': 'dp_process_update', 'params': {'clip_norm': 1.0, 'clip_applied': False, 'noise_multiplier': 2.0, 'mechanism': 'none', 'l2_norm_before': 0.5284956693649292, 'l2_norm_after': 0.5284956693649292}, 'outputs': ['file://secure_store/local_updates/dp_none_1760540473295.pt.enc'], 'timestamp': '2025-10-15T15:01:13.295567Z', 'signature': '26lwO9bz+OKda0/DgOoNp3lOfyZqW3BYcKJBN5vkCwo='}",file:///home/ritik26/Desktop/BE-Major-Project/receipts/receipt_38f085ce90e34253ab1dc95daa17c3e8.json,rag
sess-1760540327,gaussian,0.0,0.5284956693649292,0.5284956693649292,0.9999999999981078,0.6501500010490417,,,,,,file://secure_store/local_updates/dp_gaussian_1760540473532.pt.enc,"{'agent': 'dp-agent', 'session_id': 'sess-1760540327', 'operation': 'dp_process_update', 'params': {'clip_norm': 1.0, 'clip_applied': False, 'noise_multiplier': 0.0, 'mechanism': 'gaussian', 'l2_norm_before': 0.5284956693649292, 'l2_norm_after': 0.5284956693649292}, 'outputs': ['file://secure_store/local_updates/dp_gaussian_1760540473532.pt.enc'], 'timestamp': '2025-10-15T15:01:13.532968Z', 'signature': 'HrUji+6v988WCt5BW+25kUEbuJSn098QMXPRjnGpvrQ='}",file:///home/ritik26/Desktop/BE-Major-Project/receipts/receipt_e3e3f17a05ee4318b05791c7e00ee0d3.json,vector_rag
sess-1760540327,gaussian,0.5,0.5284956693649292,7.249886989593506,13.717968584854573,0.6395410895347595,,,,,,file://secure_store/local_updates/dp_gaussian_1760540473559.pt.enc,"{'agent': 'dp-agent', 'session_id': 'sess-1760540327', 'operation': 'dp_process_update', 'params': {'clip_norm': 1.0, 'clip_applied': False, 'noise_multiplier': 0.5, 'mechanism': 'gaussian', 'l2_norm_before': 0.5284956693649292, 'l2_norm_after': 7.249886989593506}, 'outputs': ['file://secure_store/local_updates/dp_gaussian_1760540473559.pt.enc'], 'timestamp': '2025-10-15T15:01:13.559185Z', 'signature': 'RUfOBK2RBLk1UIE0rzBxUl9+dpjfHFfz77eurbF7vFg='}",file:///home/ritik26/Desktop/BE-Major-Project/receipts/receipt_83c4927cb9044cec8d9ec916a0da043f.json,vector_rag
sess-1760540327,gaussian,1.0,0.5284956693649292,14.482023239135742,27.402349874523612,0.6297335028648376,,,,,,file://secure_store/local_updates/dp_gaussian_1760540473583.pt.enc,"{'agent': 'dp-agent', 'session_id': 'sess-1760540327', 'operation': 'dp_process_update', 'params': {'clip_norm': 1.0, 'clip_applied': False, 'noise_multiplier': 1.0, 'mechanism': 'gaussian', 'l2_norm_before': 0.5284956693649292, 'l2_norm_after': 14.482023239135742}, 'outputs': ['file://secure_store/local_updates/dp_gaussian_1760540473583.pt.enc'], 'timestamp': '2025-10-15T15:01:13.584129Z', 'signature': 'r5FtheHdDuiccNCLgNFmXY5My/F5QN0b3kHu5LuKyoA='}",file:///home/ritik26/Desktop/BE-Major-Project/receipts/receipt_d2a976a993834a1a8c7782ab1f2e0a9c.json,vector_rag
sess-1760540327,gaussian,1.5,0.5284956693649292,21.7205810546875,41.09888181439046,0.6204532980918884,,,,,,file://secure_store/local_updates/dp_gaussian_1760540473608.pt.enc,"{'agent': 'dp-agent', 'session_id': 'sess-1760540327', 'operation': 'dp_process_update', 'params': {'clip_norm': 1.0, 'clip_applied': False, 'noise_multiplier': 1.5, 'mechanism': 'gaussian', 'l2_norm_before': 0.5284956693649292, 'l2_norm_after': 21.7205810546875}, 'outputs': ['file://secure_store/local_updates/dp_gaussian_1760540473608.pt.enc'], 'timestamp': '2025-10-15T15:01:13.609008Z', 'signature': 'xaMhvjF9z+NSXow2JNuyl0fCsucCM3o7N0bT/3sDoRw='}",file:///home/ritik26/Desktop/BE-Major-Project/receipts/receipt_977e66a8004741efa9d11d7baa43437b.json,vector_rag
sess-1760540327,gaussian,2.0,0.5284956693649292,28.96074867248535,54.79845976265322,0.6116105914115906,,,,,,file://secure_store/local_updates/dp_gaussian_1760540473634.pt.enc,"{'agent': 'dp-agent', 'session_id': 'sess-1760540327', 'operation': 'dp_process_update', 'params': {'clip_norm': 1.0, 'clip_applied': False, 'noise_multiplier': 2.0, 'mechanism': 'gaussian', 'l2_norm_before': 0.5284956693649292, 'l2_norm_after': 28.96074867248535}, 'outputs': ['file://secure_store/local_updates/dp_gaussian_1760540473634.pt.enc'], 'timestamp': '2025-10-15T15:01:13.634164Z', 'signature': 'hpvRfh0KHkWAB5kTKGZNFpOXSbfu+6CELHH3C7NmJ0A='}",file:///home/ritik26/Desktop/BE-Major-Project/receipts/receipt_06b25504cf5f4ef5813e14212a6fe3ed.json,vector_rag
sess-1760540327,laplace,0.0,0.5284956693649292,0.5284956693649292,0.9999999999981078,0.6501500010490417,,,,,,file://secure_store/local_updates/dp_laplace_1760540473671.pt.enc,"{'agent': 'dp-agent', 'session_id': 'sess-1760540327', 'operation': 'dp_process_update', 'params': {'clip_norm': 1.0, 'clip_applied': False, 'noise_multiplier': 0.0, 'mechanism': 'laplace', 'l2_norm_before': 0.5284956693649292, 'l2_norm_after': 0.5284956693649292}, 'outputs': ['file://secure_store/local_updates/dp_laplace_1760540473671.pt.enc'], 'timestamp': '2025-10-15T15:01:13.671314Z', 'signature': 'TA0Wu4mzPVuHkdOB6x8jAMrwzVD33yD2fQ4iIrMtMN4='}",file:///home/ritik26/Desktop/BE-Major-Project/receipts/receipt_b81212abe0fe4a4b9e224e8671bce0ba.json,vector_rag
sess-1760540327,laplace,0.5,0.5284956693649292,10.665094375610352,20.180097953131693,0.634827733039856,,,,,,file://secure_store/local_updates/dp_laplace_1760540473702.pt.enc,"{'agent': 'dp-agent', 'session_id': 'sess-1760540327', 'operation': 'dp_process_update', 'params': {'clip_norm': 1.0, 'clip_applied': False, 'noise_multiplier': 0.5, 'mechanism': 'laplace', 'l2_norm_before': 0.5284956693649292, 'l2_norm_after': 10.665094375610352}, 'outputs': ['file://secure_store/local_updates/dp_laplace_1760540473702.pt.enc'], 'timestamp': '2025-10-15T15:01:13.702208Z', 'signature': 'gw/FsR6l8DeqzbJ4sV5BxZayqCUCuuH28YeyV6Ke8GE='}",file:///home/ritik26/Desktop/BE-Major-Project/receipts/receipt_27557c77843d489aa011bcbdc4673898.json,vector_rag
sess-1760540327,laplace,1.0,0.5284956693649292,21.369548797607422,40.43467153334647,0.6208928823471069,,,,,,file://secure_store/local_updates/dp_laplace_1760540473727.pt.enc,"{'agent': 'dp-agent', 'session_id': 'sess-1760540327', 'operation': 'dp_process_update', 'params': {'clip_norm': 1.0, 'clip_applied': False, 'noise_multiplier': 1.0, 'mechanism': 'laplace', 'l2_norm_before': 0.5284956693649292, 'l2_norm_after': 21.369548797607422}, 'outputs': ['file://secure_store/local_updates/dp_laplace_1760540473727.pt.enc'], 'timestamp': '2025-10-15T15:01:13.727249Z', 'signature': 'KYTiDx6MxaZFopflJeRzc/3p2PLAaJWqj+YV0AFuov4='}",file:///home/ritik26/Desktop/BE-Major-Project/receipts/receipt_a53c3018c6414cc0ba3b529b363e2910.json,vector_rag
sess-1760540327,laplace,1.5,0.5284956693649292,32.07833480834961,60.69744118591565,0.6079301834106445,,,,,,file://secure_store/local_updates/dp_laplace_1760540473752.pt.enc,"{'agent': 'dp-agent', 'session_id': 'sess-1760540327', 'operation': 'dp_process_update', 'params': {'clip_norm': 1.0, 'clip_applied': False, 'noise_multiplier': 1.5, 'mechanism': 'laplace', 'l2_norm_before': 0.5284956693649292, 'l2_norm_after': 32.07833480834961}, 'outputs': ['file://secure_store/local_updates/dp_laplace_1760540473752.pt.enc'], 'timestamp': '2025-10-15T15:01:13.752736Z', 'signature': 'gIh0/Fl8+OKWGtPrZC/z3FHlJbFpXoCHTKhI+thgUiQ='}",file:///home/ritik26/Desktop/BE-Major-Project/receipts/receipt_3b53bc34b5184fb9aa34f61a99ff79e8.json,vector_rag
sess-1760540327,laplace,2.0,0.5284956693649292,42.7881965637207,80.96224632276837,0.5958338975906372,,,,,,file://secure_store/local_updates/dp_laplace_1760540473777.pt.enc,"{'agent': 'dp-agent', 'session_id': 'sess-1760540327', 'operation': 'dp_process_update', 'params': {'clip_norm': 1.0, 'clip_applied': False, 'noise_multiplier': 2.0, 'mechanism': 'laplace', 'l2_norm_before': 0.5284956693649292, 'l2_norm_after': 42.7881965637207}, 'outputs': ['file://secure_store/local_updates/dp_laplace_1760540473777.pt.enc'], 'timestamp': '2025-10-15T15:01:13.777365Z', 'signature': 'mnBSy7q4tzeSCaRxJIaxoe8Uy8nuCWnt+PStpNftDmM='}",file:///home/ritik26/Desktop/BE-Major-Project/receipts/receipt_24d9915c14aa4c5081bc2fb5a268bb66.json,vector_rag
sess-1760540327,uniform,0.0,0.5284956693649292,0.5284956693649292,0.9999999999981078,0.6501500010490417,,,,,,file://secure_store/local_updates/dp_uniform_1760540473802.pt.enc,"{'agent': 'dp-agent', 'session_id': 'sess-1760540327', 'operation': 'dp_process_update', 'params': {'clip_norm': 1.0, 'clip_applied': False, 'noise_multiplier': 0.0, 'mechanism': 'uniform', 'l2_norm_before': 0.5284956693649292, 'l2_norm_after': 0.5284956693649292}, 'outputs': ['file://secure_store/local_updates/dp_uniform_1760540473802.pt.enc'], 'timestamp': '2025-10-15T15:01:13.802172Z', 'signature': 't7qyxkOJyFlD0QDDk0DpP6KRqRiePstcOvvNza5SEeA='}",file:///home/ritik26/Desktop/BE-Major-Project/receipts/receipt_ae2780e6675e4905bd1930c142101026.json,vector_rag
sess-1760540327,uniform,0.5,0.5284956693649292,4.239085674285889,8.021041457864351,0.6438947319984436,,,,,,file://secure_store/local_updates/dp_uniform_1760540473826.pt.enc,"{'agent': 'dp-agent', 'session_id': 'sess-1760540327', 'operation': 'dp_process_update', 'params': {'clip_norm': 1.0, 'clip_applied': False, 'noise_multiplier': 0.5, 'mechanism': 'uniform', 'l2_norm_before': 0.5284956693649292, 'l2_norm_after': 4.239085674285889}, 'outputs': ['file://secure_store/local_updates/dp_uniform_1760540473826.pt.enc'], 'timestamp': '2025-10-15T15:01:13.826702Z', 'signature': 'T41Zn8STTdtPMLDLwq5lmmqKC9cG2DmlncgwewU15DE='}",file:///home/ritik26/Desktop/BE-Major-Project/receipts/receipt_4fe0a0bb8be44e3888dcb2d90610b951.json,vector_rag
sess-1760540327,uniform,1.0,0.5284956693649292,8.47497844696045,16.03604142514249,0.637829601764679,,,,,,file://secure_store/local_updates/dp_uniform_1760540473850.pt.enc,"{'agent': 'dp-agent', 'session_id': 'sess-1760540327', 'operation': 'dp_process_update', 'params': {'clip_norm': 1.0, 'clip_applied': False, 'noise_multiplier': 1.0, 'mechanism': 'uniform', 'l2_norm_before': 0.5284956693649292, 'l2_norm_after': 8.47497844696045}, 'outputs': ['file://secure_store/local_updates/dp_uniform_1760540473850.pt.enc'], 'timestamp': '2025-10-15T15:01:13.851068Z', 'signature': 'f81QybHUR8U97dCZMx2a++j14ZO9TRBLGZWCvyEvpb4='}",file:///home/ritik26/Desktop/BE-Major-Project/receipts/receipt_2d8db2c834ee4545970438f43c124767.json,vector_rag
sess-1760540327,uniform,1.5,0.5284956693649292,12.721853256225586,24.071821196735304,0.6320634484291077,,,,,,file://secure_store/local_updates/dp_uniform_1760540473875.pt.enc,"{'agent': 'dp-agent', 'session_id': 'sess-1760540327', 'operation': 'dp_process_update', 'params': {'clip_norm': 1.0, 'clip_applied': False, 'noise_multiplier': 1.5, 'mechanism': 'uniform', 'l2_norm_before': 0.5284956693649292, 'l2_norm_after': 12.721853256225586}, 'outputs': ['file://secure_store/local_updates/dp_uniform_1760540473875.pt.enc'], 'timestamp': '2025-10-15T15:01:13.875597Z', 'signature': 'HsxivDhftLZGlbJrPK2tXnAM/PDJtJbE+cVmftGeK90='}",file:///home/ritik26/Desktop/BE-Major-Project/receipts/receipt_744b66334cb545368d09120feecfe783.json,vector_rag
sess-1760540327,uniform,2.0,0.5284956693649292,16.97146987915039,32.11278892694083,0.6264894604682922,,,,,,file://secure_store/local_updates/dp_uniform_1760540473899.pt.enc,"{'agent': 'dp-agent', 'session_id': 'sess-1760540327', 'operation': 'dp_process_update', 'params': {'clip_norm': 1.0, 'clip_applied': False, 'noise_multiplier': 2.0, 'mechanism': 'uniform', 'l2_norm_before': 0.5284956693649292, 'l2_norm_after': 16.97146987915039}, 'outputs': ['file://secure_store/local_updates/dp_uniform_1760540473899.pt.enc'], 'timestamp': '2025-10-15T15:01:13.899750Z', 'signature': 'uXawLcOpw9KxAduZRTxH4uY2xuT8uCjswAlbDbCs4Ws='}",file:///home/ritik26/Desktop/BE-Major-Project/receipts/receipt_71291658f05e41e0afc714da7f4c7be6.json,vector_rag
sess-1760540327,exponential,0.0,0.5284956693649292,0.5284956693649292,0.9999999999981078,0.6501500010490417,,,,,,file://secure_store/local_updates/dp_exponential_1760540473923.pt.enc,"{'agent': 'dp-agent', 'session_id': 'sess-1760540327', 'operation': 'dp_process_update', 'params': {'clip_norm': 1.0, 'clip_applied': False, 'noise_multiplier': 0.0, 'mechanism': 'exponential', 'l2_norm_before': 0.5284956693649292, 'l2_norm_after': 0.5284956693649292}, 'outputs': ['file://secure_store/local_updates/dp_exponential_1760540473923.pt.enc'], 'timestamp': '2025-10-15T15:01:13.923758Z', 'signature': '4jRRxtv5jJsxtmLIrGlNrZfP2yoHmLrsjdduW6efEKQ='}",file:///home/ritik26/Desktop/BE-Major-Project/receipts/receipt_93d64ff5c3144e85abca4d60eede16a5.json,vector_rag
sess-1760540327,exponential,0.5,0.5284956693649292,36.34104919433594,68.76319201997752,0.6030166745185852,,,,,,file://secure_store/local_updates/dp_exponential_1760540473947.pt.enc,"{'agent': 'dp-agent', 'session_id': 'sess-1760540327', 'operation': 'dp_process_update', 'params': {'clip_norm': 1.0, 'clip_applied': False, 'noise_multiplier': 0.5, 'mechanism': 'exponential', 'l2_norm_before': 0.5284956693649292, 'l2_norm_after': 36.34104919433594}, 'outputs': ['file://secure_store/local_updates/dp_exponential_1760540473947.pt.enc'], 'timestamp': '2025-10-15T15:01:13.948068Z', 'signature': 'mfWisQHx84/4vuvBv5cb9khDrusf7swjyy7tLbC9dsg='}",file:///home/ritik26/Desktop/BE-Major-Project/receipts/receipt_b440593c1f3f42c2895019cb2749aca5.json,vector_rag
sess-1760540327,exponential,1.0,0.5284956693649292,18.169857025146484,34.38033285484827,0.6249478459358215,,,,,,file://secure_store/local_updates/dp_exponential_1760540473973.pt.enc,"{'agent': 'dp-agent', 'session_id': 'sess-1760540327', 'operation': 'dp_process_update', 'params': {'clip_norm': 1.0, 'clip_applied': False, 'noise_multiplier': 1.0, 'mechanism': 'exponential', 'l2_norm_before': 0.5284956693649292, 'l2_norm_after': 18.169857025146484}, 'outputs': ['file://secure_store/local_updates/dp_exponential_1760540473973.pt.enc'], 'timestamp': '2025-10-15T15:01:13.973308Z', 'signature': 'i/O20+37TAqTu7pd385jttgXGZ7hF+WHamdz7E3J16M='}",file:///home/ritik26/Desktop/BE-Major-Project/receipts/receipt_cbf1ff636098460aa71c323cdc7f2fc8.json,vector_rag
sess-1760540327,exponential,1.5,0.5284956693649292,12.11535358428955,22.924224902022626,0.6328736543655396,,,,,,file://secure_store/local_updates/dp_exponential_1760540473998.pt.enc,"{'agent': 'dp-agent', 'session_id': 'sess-1760540327', 'operation': 'dp_process_update', 'params': {'clip_norm': 1.0, 'clip_applied': False, 'noise_multiplier': 1.5, 'mechanism': 'exponential', 'l2_norm_before': 0.5284956693649292, 'l2_norm_after': 12.11535358428955}, 'outputs': ['file://secure_store/local_updates/dp_exponential_1760540473998.pt.enc'], 'timestamp': '2025-10-15T15:01:13.998306Z', 'signature': '/X+/tT0r/jVTrk4giIhe0vef/TYAIWx+qUarRQh7DQU='}",file:///home/ritik26/Desktop/BE-Major-Project/receipts/receipt_adb080d59ae7441bb8dc7400087a4c49.json,vector_rag
sess-1760540327,exponential,2.0,0.5284956693649292,9.090023040771484,17.19980610565339,0.6369796991348267,,,,,,file://secure_store/local_updates/dp_exponential_1760540474023.pt.enc,"{'agent': 'dp-agent', 'session_id': 'sess-1760540327', 'operation': 'dp_process_update', 'params': {'clip_norm': 1.0, 'clip_applied': False, 'noise_multiplier': 2.0, 'mechanism': 'exponential', 'l2_norm_before': 0.5284956693649292, 'l2_norm_after': 9.090023040771484}, 'outputs': ['file://secure_store/local_updates/dp_exponential_1760540474023.pt.enc'], 'timestamp': '2025-10-15T15:01:14.023556Z', 'signature': 'y79jxoJgPH9MuwR0rKIpZ1APB33qtET5uKRqfV4XdN0='}",file:///home/ritik26/Desktop/BE-Major-Project/receipts/receipt_241ecc4856a54701adbb60389da14750.json,vector_rag
sess-1760540327,student_t,0.0,0.5284956693649292,0.5284956693649292,0.9999999999981078,0.6501500010490417,,,,,,file://secure_store/local_updates/dp_student_t_1760540474049.pt.enc,"{'agent': 'dp-agent', 'session_id': 'sess-1760540327', 'operation': 'dp_process_update', 'params': {'clip_norm': 1.0, 'clip_applied': False, 'noise_multiplier': 0.0, 'mechanism': 'student_t', 'l2_norm_before': 0.5284956693649292, 'l2_norm_after': 0.5284956693649292}, 'outputs': ['file://secure_store/local_updates/dp_student_t_1760540474049.pt.enc'], 'timestamp': '2025-10-15T15:01:14.049462Z', 'signature': 'M1bLsPvMub9Qun6QEbZFYZemOu6OJy0BkSDItfTxMtM='}",file:///home/ritik26/Desktop/BE-Major-Project/receipts/receipt_837ab4ec3ab045ef844a7e3f71c03847.json,vector_rag
sess-1760540327,student_t,0.5,0.5284956693649292,7.953356742858887,15.049048088513286,0.6385551691055298,,,,,,file://secure_store/local_updates/dp_student_t_1760540474076.pt.enc,"{'agent': 'dp-agent', 'session_id': 'sess-1760540327', 'operation': 'dp_process_update', 'params': {'clip_norm': 1.0, 'clip_applied': False, 'noise_multiplier': 0.5, 'mechanism': 'student_t', 'l2_norm_before': 0.5284956693649292, 'l2_norm_after': 7.953356742858887}, 'outputs': ['file://secure_store/local_updates/dp_student_t_1760540474076.pt.enc'], 'timestamp': '2025-10-15T15:01:14.076905Z', 'signature': 'CpWc2LQ/lIwv91Lu9qZwsgsJgmtnSNB/IFJ/w8P7xwI='}",file:///home/ritik26/Desktop/BE-Major-Project/receipts/receipt_321c891df94441fb850725c9f6b16952.json,vector_rag
sess-1760540327,student_t,1.0,0.5284956693649292,15.897377014160156,30.0804300501332,0.6278820633888245,,,,,,file://secure_store/local_updates/dp_student_t_1760540474102.pt.enc,"{'agent': 'dp-agent', 'session_id': 'sess-1760540327', 'operation': 'dp_process_update', 'params': {'clip_norm': 1.0, 'clip_applied': False, 'noise_multiplier': 1.0, 'mechanism': 'student_t', 'l2_norm_before': 0.5284956693649292, 'l2_norm_after': 15.897377014160156}, 'outputs': ['file://secure_store/local_updates/dp_student_t_1760540474102.pt.enc'], 'timestamp': '2025-10-15T15:01:14.102881Z', 'signature': 'u/TKpDBDN7d7+A7mZ1iwPHhGJcTY+f/iLEnksmTP8rU='}",file:///home/ritik26/Desktop/BE-Major-Project/receipts/receipt_ce3c1918158a4ebab53d3d0adc70fb95.json,vector_rag
sess-1760540327,student_t,1.5,0.5284956693649292,23.847251892089844,45.12288988233518,0.6178120374679565,,,,,,file://secure_store/local_updates/dp_student_t_1760540474128.pt.enc,"{'agent': 'dp-agent', 'session_id': 'sess-1760540327', 'operation': 'dp_process_update', 'params': {'clip_norm': 1.0, 'clip_applied': False, 'noise_multiplier': 1.5, 'mechanism': 'student_t', 'l2_norm_before': 0.5284956693649292, 'l2_norm_after': 23.847251892089844}, 'outputs': ['file://secure_store/local_updates/dp_student_t_1760540474128.pt.enc'], 'timestamp': '2025-10-15T15:01:14.129064Z', 'signature': 'aBebgDNzvwxmiXwHmIDRuUnkv8fZUlc0JqsjU4RQGBY='}",file:///home/ritik26/Desktop/BE-Major-Project/receipts/receipt_36edc2eb3004425c95bce23f25ccbf86.json,vector_rag
sess-1760540327,student_t,2.0,0.5284956693649292,31.79859161376953,60.16812143781685,0.6082574129104614,,,,,,file://secure_store/local_updates/dp_student_t_1760540474155.pt.enc,"{'agent': 'dp-agent', 'session_id': 'sess-1760540327', 'operation': 'dp_process_update', 'params': {'clip_norm': 1.0, 'clip_applied': False, 'noise_multiplier': 2.0, 'mechanism': 'student_t', 'l2_norm_before': 0.5284956693649292, 'l2_norm_after': 31.79859161376953}, 'outputs': ['file://secure_store/local_updates/dp_student_t_1760540474155.pt.enc'], 'timestamp': '2025-10-15T15:01:14.155519Z', 'signature': 'ELfm8ZafB9b8fzXdJAVSzwOyASj6eynV8pgtbLPxcT0='}",file:///home/ritik26/Desktop/BE-Major-Project/receipts/receipt_02ef3b6bdc054a68ac901ef801061356.json,vector_rag
sess-1760540327,none,0.0,0.5284956693649292,0.5284956693649292,0.9999999999981078,0.6501500010490417,,,,,,file://secure_store/local_updates/dp_none_1760540474181.pt.enc,"{'agent': 'dp-agent', 'session_id': 'sess-1760540327', 'operation': 'dp_process_update', 'params': {'clip_norm': 1.0, 'clip_applied': False, 'noise_multiplier': 0.0, 'mechanism': 'none', 'l2_norm_before': 0.5284956693649292, 'l2_norm_after': 0.5284956693649292}, 'outputs': ['file://secure_store/local_updates/dp_none_1760540474181.pt.enc'], 'timestamp': '2025-10-15T15:01:14.181829Z', 'signature': 'kRMRAgcMy94YESmVP0ZfObnsCBnlyAYVF6DKljMmWr4='}",file:///home/ritik26/Desktop/BE-Major-Project/receipts/receipt_187d8a359a81412da5c76a1b7e4c817f.json,vector_rag
sess-1760540327,none,0.5,0.5284956693649292,0.5284956693649292,0.9999999999981078,0.6501500010490417,,,,,,file://secure_store/local_updates/dp_none_1760540474207.pt.enc,"{'agent': 'dp-agent', 'session_id': 'sess-1760540327', 'operation': 'dp_process_update', 'params': {'clip_norm': 1.0, 'clip_applied': False, 'noise_multiplier': 0.5, 'mechanism': 'none', 'l2_norm_before': 0.5284956693649292, 'l2_norm_after': 0.5284956693649292}, 'outputs': ['file://secure_store/local_updates/dp_none_1760540474207.pt.enc'], 'timestamp': '2025-10-15T15:01:14.207883Z', 'signature': 'UiPZdybPqiAQufp0vZ2Bi4y9xAUHl3jkPd0QlGQz6tE='}",file:///home/ritik26/Desktop/BE-Major-Project/receipts/receipt_f7387c7b44b24f66834a0878e9a77014.json,vector_rag
sess-1760540327,none,1.0,0.5284956693649292,0.5284956693649292,0.9999999999981078,0.6501500010490417,,,,,,file://secure_store/local_updates/dp_none_1760540474234.pt.enc,"{'agent': 'dp-agent', 'session_id': 'sess-1760540327', 'operation': 'dp_process_update', 'params': {'clip_norm': 1.0, 'clip_applied': False, 'noise_multiplier': 1.0, 'mechanism': 'none', 'l2_norm_before': 0.5284956693649292, 'l2_norm_after': 0.5284956693649292}, 'outputs': ['file://secure_store/local_updates/dp_none_1760540474234.pt.enc'], 'timestamp': '2025-10-15T15:01:14.234186Z', 'signature': 'msbWN1LkuTVMcyfo9OS59i4UZD6doXuhxVmLbNqeHds='}",file:///home/ritik26/Desktop/BE-Major-Project/receipts/receipt_5ae3fb09ba9b4754ba493d6eb9d69485.json,vector_rag
sess-1760540327,none,1.5,0.5284956693649292,0.5284956693649292,0.9999999999981078,0.6501500010490417,,,,,,file://secure_store/local_updates/dp_none_1760540474259.pt.enc,"{'agent': 'dp-agent', 'session_id': 'sess-1760540327', 'operation': 'dp_process_update', 'params': {'clip_norm': 1.0, 'clip_applied': False, 'noise_multiplier': 1.5, 'mechanism': 'none', 'l2_norm_before': 0.5284956693649292, 'l2_norm_after': 0.5284956693649292}, 'outputs': ['file://secure_store/local_updates/dp_none_1760540474259.pt.enc'], 'timestamp': '2025-10-15T15:01:14.260090Z', 'signature': 'fAkdCgaPBG6gdxNcly8v6qsi3v/p804Vs7ROgxKp/wI='}",file:///home/ritik26/Desktop/BE-Major-Project/receipts/receipt_f4e1b04661e148c8b26a860dc2e030e7.json,vector_rag
sess-1760540327,none,2.0,0.5284956693649292,0.5284956693649292,0.9999999999981078,0.6501500010490417,,,,,,file://secure_store/local_updates/dp_none_1760540474285.pt.enc,"{'agent': 'dp-agent', 'session_id': 'sess-1760540327', 'operation': 'dp_process_update', 'params': {'clip_norm': 1.0, 'clip_applied': False, 'noise_multiplier': 2.0, 'mechanism': 'none', 'l2_norm_before': 0.5284956693649292, 'l2_norm_after': 0.5284956693649292}, 'outputs': ['file://secure_store/local_updates/dp_none_1760540474285.pt.enc'], 'timestamp': '2025-10-15T15:01:14.286104Z', 'signature': 'e7EPjIvhhkZCxEQ/J0qVwWSWkbJDjHFXmeYzYiT/UwY='}",file:///home/ritik26/Desktop/BE-Major-Project/receipts/receipt_81d265c3e27a4a458e2d9c63a0782427.json,vector_rag
